xid,name,url,stars,wikipedia,image,address,lon,lat,kinds_amount
N3911749169,agriturismo la targa,https://www.booking.com/hotel/it/agriturismo-la-targa-florio.html,null,null,null,Strada statale dell'Etna e delle Madonie Termini Imerese SIC PA Italia it ,13.79813289642334,37.9206428527832,2
N1868726865,agriturismo case tabarani,https://www.booking.com/hotel/it/agriturismo-case-tabarani.html,null,null,null,SIC PA Italia Collesano 90016 it ,13.873590469360352,37.92813491821289,2
N4349691762,B&B Crocco D'Oro,https://www.booking.com/hotel/it/b-amp-b-crocco-d-39-oro.html,null,null,null,Via Giuseppe Garibaldi SIC PA Italia Caltavuturo 90022 it ,13.889894485473633,37.82143783569336,2
N4349691761,B&B Caltart,https://www.booking.com/hotel/it/b-amp-b-caltart-caltavuturo.html,null,null,null,Via Niccolò Machiavelli B&B Caltart SIC PA Italia Caltavuturo 90022 it 12 ,13.89110279083252,37.82230758666992,2
N8284180135,b&b sciabake,https://www.booking.com/hotel/it/b-b-sciabake.html,null,null,null,Via Garibaldi SIC PA Italia Polizzi Generosa 90028 it ,14.000200271606445,37.81233596801758,2
N1510105694,Il Baglio di Nonna Clelia,https://www.booking.com/hotel/it/il-baglio-di-nonna-clelia.html,null,null,null,Strada Comunale Contrada Bistorno - Rocca di Bronte Il Baglio di Nonna Clelia SIC PA Italia Polizzi Generosa 90028 it ,13.978716850280762,37.816768646240234,2
N3280906167,Acacia Resort Parco dei Leoni,https://www.booking.com/hotel/it/acacia-resort-parco-dei-leoni.html,4,null,null,SIC PA Italia Campofelice di Roccella it ,13.840765953063965,37.98206329345703,2
N3280906029,dolcestate hotel -club,https://www.booking.com/hotel/it/dolcestate-club.html,4,null,null,Viale Himera SIC PA Italia Campofelice di Roccella 90010 it ,13.842720985412598,37.98112869262695,2
W802864081,Residence Fontana Barone,https://www.booking.com/hotel/it/residence-fontana-barone.html,null,null,null,Cefalù SIC PA Italia it ,13.973958015441895,38.02801513671875,2
W250242533,astro suite hotel,https://www.booking.com/hotel/it/astro-suite.html,4,null,null,Via Maestro Vincenzo Pintorno Cefalù SIC PA Italia 90015 it ,14.015788078308105,38.03490447998047,2
W560927465,hotel tourist,https://www.booking.com/hotel/it/tourist.html,3,null,null,Lungomare Giuseppe Giardina Cefalù SIC PA Italia 90015 it ,14.007604598999023,38.03224563598633,2
W303496623,Bouganville B&B,https://www.booking.com/hotel/it/bouganville-b.html,null,null,null,Via dei Mulini Cefalù Bouganville B&B SIC PA Italia 90015 it 57 ,14.014071464538574,38.029109954833984,2
W604254648,Camping Costa Ponente,https://www.booking.com/hotel/it/camping-costa-ponente.html,null,null,null,Strada statale Settentrionale Sicula Cefalù SIC PA Italia 90015 it ,13.983535766601562,38.028236389160156,2
N3298124896,campeggio sanfilippo,https://www.booking.com/hotel/it/campeggio-sanfilippo.html,null,null,null,Strada statale Settentrionale Sicula Cefalù SIC PA Italia 90015 it ,13.982422828674316,38.02692794799805,2
W560926689,Hotel Santa Lucia le Sabbie d'Oro,https://www.booking.com/hotel/it/hotelsantalucialesabbiedoro.html,4,null,null,Cefalù SIC PA Italia 90015 it ,14.00109577178955,38.03123474121094,2
W304005582,Cefalu Sea Palace,https://www.booking.com/hotel/it/cefalu-sea-palace.html,5,null,null,Cefalù SIC PA Italia 90015 it ,14.013182640075684,38.03366470336914,2
N6573300425,La Veduta,https://www.booking.com/hotel/it/la-veduta-cefalu-39.html,null,null,null,Via Pisciotto Cefalù SIC PA Italia 90015 it 24 ,14.011396408081055,38.024513244628906,3
N2872731378,Hotel Villa Belvedere,https://www.booking.com/hotel/it/villa-belvedere.html,3,null,null,Via dei Mulini Cefalù Hotel Villa Belvedere SIC PA Italia 90015 it 43 ,14.0137939453125,38.03009796142578,2
N6043500290,villa margherita,https://www.booking.com/hotel/it/villa-margherita-cefalu.html,null,null,null,Cefalù SIC PA Italia 90015 it ,14.012407302856445,38.03287887573242,2
W304005579,villa cerniglia plus,https://www.booking.com/hotel/it/villa-cerniglia-plus.html,null,null,null,Lungomare Giuseppe Giardina Cefalù SIC PA Italia 90015 it ,14.012214660644531,38.03362274169922,2
W250236354,le calette n. 5,https://www.booking.com/hotel/it/le-calette-boutique.html,5,null,null,Cefalù SIC PA Italia 90015 it ,14.035961151123047,38.03459548950195,2
N3801889690,La Petite Maison,https://www.booking.com/hotel/it/la-petite-maison-cefalu.html,null,null,null,Via del Giubileo Magno Cefalù La Petite Maison SIC PA Italia 90015 it 15 ,14.022740364074707,38.03126907348633,3
N4218592998,Ma&Mi For You B&B,https://www.booking.com/hotel/it/ma-amp-mi-for-you.html,null,null,null,Via Di Belgioioso Cefalù Ma&Mi For You B&B SIC PA Italia 90015 it 4 ,14.023537635803223,38.033470153808594,2
N6793607186,Villa Magara,https://www.booking.com/hotel/it/villa-magara.html,null,null,null,Cefalù SIC PA Italia 90015 it ,14.040468215942383,38.02886199951172,2
N4896945108,B&B Villa di Giorgi,https://www.booking.com/hotel/it/b-b-villa-di-giorgi.html,null,null,null,Cefalù SIC PA Italia 90015 it ,14.02480697631836,38.031185150146484,2
W628255489,Blue Bay,https://www.booking.com/hotel/it/bluebay.html,null,null,null,Cefalù SIC PA Italia 90015 it ,14.038688659667969,38.032806396484375,2
W250236369,Hotel Kalura,https://www.booking.com/hotel/it/kalura.html,4,null,null,Cefalù SIC PA Italia 90015 it ,14.038369178771973,38.033931732177734,2
N2969949369,Bohemien,https://www.booking.com/hotel/it/bohemien-b-b.html,null,null,null,Via Umberto I Cefalù SIC PA Italia 90015 it ,14.022542953491211,38.03572082519531,2
W554762857,Retro Rooms,https://www.booking.com/hotel/it/retro-39-rooms.html,null,null,null,Via San Pasquale Cefalù SIC PA Italia 90015 it ,14.019411087036133,38.03487777709961,2
N5943851805,Madema B&B,https://www.booking.com/hotel/it/madema-b-amp-b.html,null,null,null,Via Costa Cefalù Madema B&B SIC PA Italia 90015 it 1 ,14.02243709564209,38.03919219970703,2
N9046144917,hotel la plumeria,https://www.booking.com/hotel/it/la-plumeria.html,4,null,null,Corso Ruggero Cefalù trattoria-pizzeria 'Na Principi SIC PA Italia 90015 it 192 ,14.02221965789795,38.040740966796875,2
W250234493,al pescatore,https://www.booking.com/hotel/it/al-pescatore.html,3,null,null,Via dei Pescatori Cefalù SIC PA Italia 90015 it ,14.030649185180664,38.034889221191406,2
N538077207,Il Castello,https://www.booking.com/hotel/it/il-castello-petralia-sottana.html,null,null,null,SIC PA Italia Petralia Sottana it ,14.092775344848633,37.80846405029297,2
W283568463,B&B Villa Calagioli,https://www.booking.com/hotel/it/villa-calagioli.html,null,null,null,Via R SIC PA Italia Castelbuono 90013 it ,14.095176696777344,37.9283447265625,2
W117485141,Turismo Rurale Oro Verde,https://www.booking.com/hotel/it/turismo-rurale-oro-verde.html,null,null,null,Bronte SIC CT Italia 95034 it ,14.849480628967285,37.795433044433594,5
N1323499069,La Fucina di Vulcano,https://www.booking.com/hotel/it/la-fucina-di-vulcano.html,3,null,null,Strada statale Occidentale Etnea Bronte SIC CT Italia 95034 it ,14.857451438903809,37.809783935546875,5
N4753009785,Etna Quota Mille,https://www.booking.com/hotel/it/etna-quota-mille.html,null,null,null,Ex Trazzera Quota Mille Randazzo SIC CT Contrada Marzarola Italia 95036 it ,14.96780014038086,37.8570671081543,2
N4907701282,ai tre parchi bed and bike,https://www.booking.com/hotel/it/ai-tre-parchi-bed-and-bike.html,null,null,null,Via Tagliamento Randazzo SIC CT Contrada Sciarrone Italia 95036 it 49 ,14.9483060836792,37.8747673034668,2
N981434906,Edelweiss,https://www.booking.com/hotel/it/edelweiss-randazzo.html,null,null,null,Via Duca degli Abruzzi Randazzo SIC CT Contrada Sciarrone Italia 95036 it ,14.9507474899292,37.87956237792969,2
W761647980,Hotel Scrivano,https://www.booking.com/hotel/it/scrivano.html,3,null,null,Via Giuseppe Bonaventura Randazzo Hotel Scrivano SIC CT Contrada Sciarrone Italia 95036 it 2 ,14.952003479003906,37.878150939941406,2
N1420466786,Agriturismo Borgo San Nicolao,https://www.booking.com/hotel/it/borgo-san-nicolao.html,null,null,null,Strada statale dell'Etna e delle Madonie SOLE DI SICILIA SIC CT Italia Castiglione di Sicilia 95036 it 27/A ,15.011284828186035,37.879119873046875,2
N4179654203,agri hotel da marianna,https://www.booking.com/hotel/it/agri-da-marianna.html,3,null,null,Strada statale Randazzo - Capo d'Orlando SIC ME Italia Santa Domenica Vittoria it ,14.95834732055664,37.92156982421875,2
N8497732684,b&b al vulcanetto,https://www.booking.com/hotel/it/b-amp-b-al-vulcanetto.html,null,null,null,Vico II Sant'Antonino SIC ME Italia Moio 95012 it ,15.049952507019043,37.90015411376953,2
N5920354817,l'arco dei sogni,https://www.booking.com/hotel/it/l-39-arco-dei-sogni.html,null,null,null,Via Posta Vecchia Arco dei Sogni SIC ME Italia Malvagna 95012 it 1 ,15.055806159973145,37.91802978515625,3
N6703448683,viola nel parco,https://www.booking.com/hotel/it/viola-nel-parco.html,null,null,null,Via Milo Linguaglossa SIC CT Case Bevacqua Italia Piedimonte Etneo it ,15.127209663391113,37.779869079589844,2
N4840642866,Villa Scozilia,https://www.booking.com/hotel/it/villa-scozilia.html,null,null,null,SP68 SIC CT Case Bevacqua Italia Piedimonte Etneo 95017 it ,15.143600463867188,37.79766082763672,2
N4831241710,oasi del fiumefreddo,https://www.booking.com/hotel/it/oasi-del-fiumefreddo.html,null,null,null,Via Marina SIC CT Italia Fiumefreddo di Sicilia 95011 it Marina di Cottone ,15.227180480957031,37.79172134399414,2
W142247223,Borgata Baldazza,https://www.booking.com/hotel/it/borgata-baldazza.html,4,null,null,SIC CT Case Bevacqua Italia Piedimonte Etneo 95015 it ,15.136495590209961,37.81471633911133,5
N4840642865,Casa Gallida,https://www.booking.com/hotel/it/casa-gallida.html,null,null,null,Via Grotte Nicodemo SIC CT Case Bevacqua Italia Piedimonte Etneo 95017 it ,15.14570140838623,37.8013801574707,2
N4843931744,agriturismo etna-mare,https://www.booking.com/hotel/it/etna-mare-agriturismo.html,null,null,null,Traversa I di Via Terremorte SIC CT Case Bevacqua Italia Piedimonte Etneo 95015 it ,15.157670021057129,37.824424743652344,2
N2965929507,Casa Vacanze da Sina,https://www.booking.com/hotel/it/casa-vacanze-da-sina.html,null,null,null,Via della Teleferica SIC CT Italia Linguaglossa 95015 it Catena ,15.137166023254395,37.84089660644531,2
W128284282,b&b villa refe,https://www.booking.com/hotel/it/b-amp-b-villa-refe.html,null,null,null,Mareneve Villa Refe SIC CT Italia Linguaglossa 95015 it 56 Catena ,15.133790969848633,37.84065628051758,2
W734090592,fiumefreddo hotel,https://www.booking.com/hotel/it/fiumefreddo.html,3,null,null,Via Principe di Piemonte SIC CT Italia Fiumefreddo di Sicilia 95017 it 25a Vignagrande ,15.206809043884277,37.793827056884766,2
N4831241745,serra san biagio,https://www.booking.com/hotel/it/agriturismo-serra-san-biagio.html,null,null,null,Via Angelo D'Arrigo SIC CT Italia Fiumefreddo di Sicilia 95011 it ,15.226868629455566,37.80121612548828,2
W80725639,castello di san marco charming hotel & spa,https://www.booking.com/hotel/it/castellodisanmarcoresortcalatabiano.html,4,null,null,Via San Marco SIC CT Italia Calatabiano 95011 it Pasteria ,15.24655532836914,37.80152893066406,2
W719024438,camping almoetia,https://www.booking.com/hotel/it/almoetia-residence.html,null,null,null,Via San Marco SIC CT Italia Calatabiano 95011 it Pasteria ,15.24549388885498,37.80565643310547,2
N4721169255,b&b sicily in love,https://www.booking.com/hotel/it/b-amp-b-sicily-in-love.html,null,null,null,Via degli Ulivi Taormina SIC ME Italia 98035 it ,15.247685432434082,37.83143997192383,2
W414245156,Hotel Panoramic,https://www.booking.com/hotel/it/panoramic-giardini-naxos.html,4,null,null,Via Schisò SIC ME Italia Giardini-Naxos 98035 it Schisò ,15.271151542663574,37.823646545410156,2
N4614171408,b&b villa maria giovanna,https://www.booking.com/hotel/it/b-amp-b-villa-maria-giovanna.html,null,null,null,Via Porticato SIC ME Italia Giardini-Naxos 98035 it Pallio ,15.254525184631348,37.813865661621094,2
N759146473,hotel caesar palace,https://www.booking.com/hotel/it/caesar-palace.html,4,null,null,Via Consolare Valeria SIC ME Italia Giardini-Naxos 98035 it Pallio ,15.25372314453125,37.82073211669922,2
W475777048,Sant Alphio Garden Hotel & Spa,https://www.booking.com/hotel/it/sant-alphio-garden-e-spa.html,4,null,null,Via Recanati SIC ME Italia Giardini-Naxos 98035 it Pallio ,15.261219024658203,37.81557846069336,2
W289852343,residence villa giardini,https://www.booking.com/hotel/it/residence-villa-giardini.html,3,null,null,Via Larunchi SIC ME Italia Giardini-Naxos 98035 it Schisò ,15.267894744873047,37.82393264770508,2
N1775973453,gianni house backpackers hostel,https://www.booking.com/hotel/it/gianni-house.html,null,null,null,Via Enna SIC ME Italia Giardini-Naxos 98035 it Recanati ,15.263931274414062,37.8218879699707,2
N759146431,hotel sabbie d'oro,https://www.booking.com/hotel/it/sabbie-d-oro.html,4,null,null,Via Schisò SIC ME Italia Giardini-Naxos 98035 it Schisò ,15.270238876342773,37.824520111083984,2
W408909992,costa azzurra,https://www.booking.com/hotel/it/costa-azzurra-giardini-naxos.html,2,null,null,Via Naxos SIC ME Italia Giardini-Naxos 98035 it Schisò ,15.269231796264648,37.83125686645508,2
W517294997,Hotel Tysandros,https://www.booking.com/hotel/it/tysandros.html,3,null,null,Lungomare Tysandros Hotel Tysandros SIC ME Italia Giardini-Naxos 98035 it 22 Schisò ,15.271185874938965,37.83406448364258,2
W83696299,Il Giardino di Graziella,https://www.booking.com/hotel/it/il-giardino-di-graziella.html,null,null,null,Contrada Mastrissa Taormina SIC ME Italia 98039 it ,15.270672798156738,37.85008239746094,2
W474317873,Hotel Villa Sirina,https://www.booking.com/hotel/it/villa-sirina.html,4,null,null,Contrada Sirina Taormina SIC ME Italia 98039 it ,15.277862548828125,37.846248626708984,2
N3148267799,Hotel Pensione Cundari,https://www.booking.com/hotel/it/pensione-cundari.html,1,null,null,Via Nazionale Taormina SIC ME Italia 98039 it ,15.28027057647705,37.843589782714844,2
W404730989,B&B Miramare,https://www.booking.com/hotel/it/bed-giardini-naxos.html,null,null,null,Corso Umberto I B&B Miramare SIC ME Italia Giardini-Naxos 98039 it 24 Schisò ,15.279770851135254,37.842227935791016,2
N3292477116,Casa Pancrazia,https://www.booking.com/hotel/it/casa-pancrazia-taormina.html,null,null,null,Piazza del Tocco Taormina SIC ME Italia 98039 it ,15.281617164611816,37.851524353027344,2
N2169058996,porta del tocco design rooms,https://www.booking.com/hotel/it/porta-del-tocco.html,3,null,null,Taormina SIC ME Italia 98039 Salita Ibrahim it ,15.281846046447754,37.851348876953125,2
N4853226825,Taormina Bed and BeerCraft,https://www.booking.com/hotel/it/taormina-bed-and-beercraft.html,null,null,null,Taormina Taormina Bed and BeerCraft SIC ME Italia 98039 Via Cesare Ottaviano it 15 ,15.280865669250488,37.852474212646484,2
W413058490,hotel mediterranee,https://www.booking.com/hotel/it/mediterranee.html,4,null,null,Galleria Monte Tauro Taormina SIC ME Italia 98039 it ,15.28291130065918,37.85252380371094,2
W260877183,Villa Mabel,https://www.booking.com/hotel/it/villa-mabel.html,null,null,null,Taormina SIC ME Italia Vicolo Stretto 98039 it ,15.285893440246582,37.85204315185547,2
W478487835,Taormina Park Hotel,https://www.booking.com/hotel/it/bristol-park.html,4,null,null,Via Bagnoli Croce Taormina SIC ME Italia 98039 it ,15.292130470275879,37.85066223144531,2
N553159509,B&B Villa Floresta,https://www.booking.com/hotel/it/b-taormina1.html,null,null,null,Taormina SIC ME Italia 98039 Traversa degli Ebrei it ,15.282349586486816,37.85081481933594,2
N9037413919,Casa Fresta,https://www.booking.com/hotel/it/casa-fresta.html,null,null,null,Taormina SIC ME Italia 98039 Corso Umberto I it ,15.282238960266113,37.85115432739258,2
N4253040401,casa cuseni maison de charme,https://www.booking.com/hotel/it/casa-cuseni-maison-de-charme.html,null,null,null,Via Leonardo da Vinci Taormina SIC ME Italia 98039 it 5 ,15.282357215881348,37.852787017822266,2
N537995853,hotel isabella,https://www.booking.com/hotel/it/isabella-taormina.html,3,null,null,Taormina SIC ME Italia 98039 Corso Umberto I it 39 ,15.287877082824707,37.8532600402832,2
W474302627,The Ashbee Hotel,https://www.booking.com/hotel/it/the-ashbee.html,5,null,null,Viale San Pancrazio Taormina Cassata Travel SIC ME Italia 98039 it 50 ,15.290283203125,37.85588455200195,2
N1717783589,Hotel Condor,https://www.booking.com/hotel/it/condor-taormina.html,3,null,null,Via dietro Cappuccini Taormina Villa Nicedream SIC ME Italia 98039 it 2 ,15.286164283752441,37.85660171508789,2
N529371946,il piccolo giardino gh ***superior,https://www.booking.com/hotel/it/il-piccolo-giardino-3-stelle-superior.html,3,null,null,Taormina SIC ME Italia Salita Lucio Denti 98039 it ,15.287515640258789,37.853416442871094,2
N4208678093,cielo di taormina,https://www.booking.com/hotel/it/cielo-di-taormina.html,null,null,null,Via Circonvallazione Taormina B&B Cielo di Taormina SIC ME Italia 98039 it 5 ,15.287820816040039,37.854347229003906,2
N6176383086,hostel taormina - homstel,https://www.booking.com/hotel/it/hostel-taormina.html,null,null,null,Via Circonvallazione Taormina Hostel Taormina SIC ME Italia 98039 it 13 ,15.287510871887207,37.853660583496094,2
N5574376821,b&b la terrazza sul mare taormina,https://www.booking.com/hotel/it/b-amp-b-la-terrazza-sul-mare-taormina.html,null,null,null,Via Gaetano Martino Taormina B&B La Terrazza sul Mare SIC ME Italia 98039 it 19 ,15.289339065551758,37.85942840576172,2
W400191455,taormina beach house,https://www.booking.com/hotel/it/taormina-beach-house.html,null,null,null,Taormina SIC ME Italia 98038 Via Salvatore Quasimodo it ,15.303139686584473,37.8753662109375,2
W391123387,La Plage Resort,https://www.booking.com/hotel/it/la-plage.html,5,null,null,Via Bongiovanni Taormina Cohen Hostel SIC ME Italia 98038 it 29 ,15.298995971679688,37.85157775878906,2
W260877177,Hotel Bel Soggiorno,https://www.booking.com/hotel/it/bel-soggiorno.html,3,null,null,Via Luigi Pirandello Taormina SIC ME Italia 98038 it ,15.293757438659668,37.8493537902832,2
W411506314,Hotel Isola Bella,https://www.booking.com/hotel/it/isola-bella.html,3,null,null,Via Nazionale Taormina SIC ME Italia 98038 it ,15.29785442352295,37.852108001708984,2
W260756063,Grand Hotel San Pietro,https://www.booking.com/hotel/it/grand-san-pietro-relais-chateaux.html,5,null,null,Via Luigi Pirandello Taormina SIC ME Italia 98038 it ,15.294912338256836,37.8504638671875,2
W410609979,residence degli agrumi mare,https://www.booking.com/hotel/it/residence-degli-agrumi-mare.html,null,null,null,Taormina SIC ME Italia Via Castellucio 98038 it ,15.301740646362305,37.85654830932617,2
W412764260,villa carmelas,https://www.booking.com/hotel/it/villa-carmelas.html,null,null,null,Via Nazionale Taormina SIC ME Italia 98038 it ,15.295730590820312,37.86098098754883,2
W365644465,hotel caparena,https://www.booking.com/hotel/it/caparena-wellness-club.html,4,null,null,Via Nazionale Taormina SIC ME Italia 98038 it ,15.298471450805664,37.86868667602539,2
W400191458,Hotel Calipso,https://www.booking.com/hotel/it/calipso-taormina-mazzeo.html,3,null,null,Via Papa San Giovanni XXIII Taormina Hotel Calipso SIC ME Italia 98038 it 6 ,15.302071571350098,37.87423324584961,2
W412288426,Park Hotel Silemi,https://www.booking.com/hotel/it/park-silemi.html,4,null,null,Via Contrada Silemi SIC ME Italia Letojanni 98038 it ,15.316469192504883,37.8874626159668,2
N6551107585,Albergo Diffuso Borgo Gallodoro,https://www.booking.com/hotel/it/albergo-diffuso-borgo-gallodoro.html,3,null,null,Corso Don Antonio Lo Turco Albergo Diffuso Borgo Gallodoro SIC ME Italia Gallodoro 98038 it 2 ,15.294591903686523,37.9023323059082,2
W405682507,Agostiniana Hotel,https://www.booking.com/hotel/it/agostiniana.html,4,null,null,SIC ME Italia Forza d'Agrò 93038 it ,15.332550048828125,37.915130615234375,2
N5401602493,capo dei greci taormina coast hotel & spa,https://www.booking.com/hotel/it/capo-dei-greci.html,4,null,null,Via Santa Margherita SIC ME Italia Sant'Alessio Siculo 93038 it ,15.344085693359375,37.911441802978516,2
W409630609,Taormina Holidays Residence,https://www.booking.com/hotel/it/taormina-holidays-residence.html,null,null,null,Strada statale Orientale Sicula SIC ME Italia Sant'Alessio Siculo 93038 it ,15.338391304016113,37.90785217285156,3
W126349876,Elihotel,https://www.booking.com/hotel/it/eli.html,4,null,null,Via Madonna del Carmelo SIC ME Italia Sant'Alessio Siculo 93038 it 1a ,15.34462833404541,37.916770935058594,2
W323615032,Camping La Focetta Sicula,https://www.booking.com/hotel/it/camping-la-focetta-sicula.html,null,null,null,Contrada Siena SIC ME Italia Sant'Alessio Siculo 98030 it 40 ,15.355927467346191,37.931095123291016,2
W385928379,Hotel Kennedy,https://www.booking.com/hotel/it/kennedy.html,3,null,null,Via Lungomare SIC ME Italia Sant'Alessio Siculo 98028 it 1 ,15.35195541381836,37.926761627197266,2
N5120083899,san giacomo,https://www.booking.com/hotel/it/san-giacomo-appartamenti-amp-camere.html,null,null,null,Via Consolare Valeria San Giacomo appartamenti & camere SIC ME Italia Sant'Alessio Siculo 93038 it 75 ,15.35183048248291,37.92742919921875,2
N4238927493,resort borgo san rocco,https://www.booking.com/hotel/it/resort-borgo-san-rocco.html,4,null,null,SIC ME Italia Savoca 93038 it ,15.341872215270996,37.95273208618164,2
W331455677,relais santa anastasia,https://www.booking.com/hotel/it/relais-santa-anastasia.html,null,null,null,SIC PA Italia Castelbuono 90013 it ,14.085272789001465,37.97240447998047,2
N26860788,camere & case vacanze lo scoglio,https://www.booking.com/hotel/it/camere-amp-casa-vacanze-lo-scoglio.html,null,null,null,Strada statale Settentrionale Sicula SIC ME Italia Tusa 98079 it ,14.230555534362793,38.0099983215332,3
N3951680816,art hotel atelier sul mare,https://www.booking.com/hotel/it/art-atelier-sul-mare.html,3,null,null,Via Cesare Battisti SIC ME Italia Tusa 98079 it ,14.251126289367676,38.0099983215332,2
W168321024,Casa Migliaca,https://www.booking.com/hotel/it/casa-migliaca.html,null,null,null,SP176 SIC ME Italia Pettineo it ,14.28523063659668,37.97134780883789,2
N1113041697,la playa blanca,https://www.booking.com/hotel/it/laplayablancasicilia.html,4,null,null,SIC ME Italia Santo Stefano di Camastra 98077 it ,14.345216751098633,38.01877212524414,2
W426608061,agriturismo il vignale,https://www.booking.com/hotel/it/agriturismo-il-vignale.html,null,null,null,SPA105 SIC ME Italia Longi it ,14.754571914672852,38.00790023803711,2
N4564101029,hotel il mulino,https://www.booking.com/hotel/it/il-mulino-capo-d-orlando.html,4,null,null,Via Roma Capo d'Orlando SIC ME Italia 98071 Piazza Francesco Paolo Merendino it Muscale ,14.742400169372559,38.16043472290039,2
W591673759,Nettuno Resort,https://www.booking.com/hotel/it/nettuno-resort.html,4,null,null,Via Saverio Collica Capo d'Orlando SIC ME Masseria Sottana Italia 98071 it Tavola Grande ,14.718996047973633,38.13591003417969,3
W598105771,Hotel Il Mulino,https://www.booking.com/hotel/it/il-mulino-capo-d-orlando.html,4,null,null,Via Roma Capo d'Orlando SIC ME Italia 98071 Piazza Francesco Paolo Merendino it Muscale ,14.742642402648926,38.16037368774414,2
N8831061391,Casa Vacanze La Balena,https://www.booking.com/hotel/it/casa-vacanze-la-balena.html,null,null,null,Via Cristoforo Colombo Capo d'Orlando SIC ME Italia 98071 it Muscale ,14.74527645111084,38.163047790527344,3
N8807075768,nuovo hotel faro,https://www.booking.com/hotel/it/faro-capo-d-orlando.html,2,null,null,Capo d'Orlando SIC ME Italia it Muscale ,14.746962547302246,38.16407775878906,2
N5777167420,antico casale di lisycon,https://www.booking.com/hotel/it/antico-casale-di-lisycon-sant-39-angelo-di-brolo.html,null,null,null,Strada di penetrazione agricola San Filippo-Ponte Annunziata SIC ME Italia Sant'Angelo di Brolo 98069 it San Carlo ,14.87252140045166,38.11134719848633,2
N8927600908,al castello san piero patti,https://www.booking.com/hotel/it/al-castello-san-piero-patti.html,null,null,null,SIC ME Italia San Piero Patti 98068 it ,14.96483039855957,38.05264663696289,3
N5256630113,La Casa del Priore,https://www.booking.com/hotel/it/la-casa-del-priore.html,null,null,null,Patti SIC ME Marina di Patti Italia 98066 it ,14.959604263305664,38.12578201293945,5
N5359357556,Hotel delle Palme,https://www.booking.com/hotel/it/delle-palme-falcone.html,4,null,null,Via Nazionale SIC ME Italia Falcone 98054 it ,15.070846557617188,38.115638732910156,2
N2420747157,B&B La gatta bianca,https://www.booking.com/hotel/it/b-amp-b-la-gatta-bianca.html,null,null,null,Via Giacomo Matteotti B&B La gatta bianca SIC ME Italia Oliveri 98060 it 8 ,15.064510345458984,38.121097564697266,2
W284777531,portorosa apartments,https://www.booking.com/hotel/it/portorosa-apartments.html,null,null,null,SIC ME Italia Furnari 98054 it Firriato ,15.10880184173584,38.12245178222656,2
N3135777529,Villa Anita,https://www.booking.com/hotel/it/villa-anita.html,null,null,null,Capo d'Orlando SIC ME Italia 98071 it ,14.77824878692627,38.15419387817383,2
N5741917379,capo baia verde,https://www.booking.com/hotel/it/capo-baia-verde.html,3,null,null,Via Nazionale Messina Capo d'Orlando SIC ME Italia 98071 it Certari ,14.782354354858398,38.15260696411133,2
N2374272999,il gattopardo,https://www.booking.com/hotel/it/il-gattopardo.html,3,null,null,Via Marina Hotel Il Gattopardo SIC ME Italia Brolo 98061 it 69 Piana ,14.82763671875,38.160179138183594,2
N5449259162,mare blu,https://www.booking.com/hotel/it/mare-blu.html,null,null,null,Contrada Mangano SIC ME Italia Gioiosa Marea 98063 it ,14.89311695098877,38.1705322265625,2
N4212303297,Agriturismo Santa Margherita,https://www.booking.com/hotel/it/agriturismo-santamargherita.html,null,null,null,SP135/c SIC ME Italia Gioiosa Marea 98063 it ,14.940784454345703,38.16267776489258,2
W606851333,gh avalon sikani,https://www.booking.com/hotel/it/grand-avalon-sikani-resort-4-stelle-lusso.html,4,null,null,SIC ME Italia Gioiosa Marea 98063 it ,14.903729438781738,38.179405212402344,2
N5759614893,camping b&b gioiosa,https://www.booking.com/hotel/it/camping-b-amp-b-gioiosa.html,null,null,null,SIC ME Italia Gioiosa Marea it ,14.912035942077637,38.188133239746094,2
W529080046,al saliceto hotel,https://www.booking.com/hotel/it/al-saliceto.html,3,null,null,Via Statale Saliceto SIC ME Italia Gioiosa Marea 98066 it ,14.962645530700684,38.157806396484375,2
N3156288954,Yachting Club Mare,https://www.booking.com/hotel/it/yachting-club-mare.html,3,null,null,Via Andrea Doria Yachting Club Mare SIC ME Italia Gioiosa Marea 98063 it 1 ,14.943585395812988,38.17644500732422,2
W239303107,parco augusto - grand hotel terme,https://www.booking.com/hotel/it/grand-delle-terme-terme-vigliatore.html,4,null,null,Viale delle Terme SIC ME Italia Terme Vigliatore 98059 it Terme ,15.170084953308105,38.13373565673828,2
N8303551883,Residence Ancora Bianca,https://www.booking.com/hotel/it/residence-ancora-bianca.html,null,null,null,Via Lungo Mare Marchesana SIC ME Italia Terme Vigliatore 98054 it Marchesana Marina ,15.140161514282227,38.13899230957031,2
N5460993326,b&b le 2 cantine,https://www.booking.com/hotel/it/b-amp-b-le2cantine.html,null,null,null,Via Monte Grappa SIC ME Italia Castroreale 98059 it Case Palano ,15.209802627563477,38.098968505859375,2
N5912541779,Castello D'Alcontres B&B,https://www.booking.com/hotel/it/castello-d-39-alcontres-b-amp-b.html,null,null,null,Piazza Cianciolo Castello D'Alcontres B&B SIC ME Italia Nizza di Sicilia 98026 it 1 ,15.413727760314941,37.995052337646484,2
N1347032862,Hotel Terme Marino,https://www.booking.com/hotel/it/terme-marino-ali-39-terme.html,2,null,null,Via delle Terme SIC ME Italia Alì Terme 98026 it ,15.426612854003906,38.0088996887207,2
N4874278102,Il Casale dei Conti,https://www.booking.com/hotel/it/il-casale-dei-conti.html,null,null,null,Via Giacomo Medici Barcellona Il Casale dei Conti SIC ME Sant'Antonino Italia 98051 it 440 Fondaco Nuovo ,15.194686889648438,38.149070739746094,2
N3434234293,George Hotel,https://www.booking.com/hotel/it/george.html,3,null,null,Via Operai Barcellona SIC ME Barcellona Italia 98051 it San Gaetano ,15.216692924499512,38.14760971069336,2
N4614050098,Villa Manno,https://www.booking.com/hotel/it/villa-manno.html,null,null,null,Via Ragusa Barcellona SIC ME Pozzo di Gotto Italia 98051 it 31/2 Petraro ,15.232279777526855,38.15959548950195,2
N3673127320,idria b&b,https://www.booking.com/hotel/it/idria-b-amp-b.html,null,null,null,Via Cicerata Barcellona SIC ME Sant'Antonino Italia 98051 it Cicerata ,15.20508861541748,38.17784118652344,2
N3673128626,b&b ro. ma. ,https://www.booking.com/hotel/it/b-amp-b-ro-ma.html,null,null,null,Via Caldà Barcellona SIC ME Italia 98051 it Cicerata ,15.20763874053955,38.18021011352539,2
N5030610814,b&b irma,https://www.booking.com/hotel/it/b-amp-b-irma.html,null,null,null,Via Alcide De Gasperi SIC ME Italia San Filippo del Mela 98044 it ,15.263733863830566,38.175662994384766,2
N4591227398,cuciti b&b,https://www.booking.com/hotel/it/cuciti-b-amp-b.html,null,null,null,Via Padova Milazzo SIC ME Grazia Italia 98057 it 14 Brigandì ,15.25291633605957,38.18742752075195,2
N3650591329,b&b la maison,https://www.booking.com/hotel/it/b-and-b-la-maison.html,null,null,null,Via della Concordia Milazzo SIC ME Grazia Italia 98057 it 61 Brigandì ,15.26285171508789,38.17774963378906,2
N3370533898,hotel royal cattafi,https://www.booking.com/hotel/it/royal-cattafi.html,2,null,null,SIC ME Italia San Filippo del Mela it Borgo Giovanni Verga ,15.290791511535645,38.173858642578125,2
N3713674164,il fiore di san giovanni b&b,https://www.booking.com/hotel/it/ll-fiore-di-san-giovanni-b-and-b.html,null,null,null,Via Mariano Maio Milazzo SIC ME San Pietro Italia 98057 it 88 San Giovanni ,15.234720230102539,38.215904235839844,2
N4791627616,missori apartment,https://www.booking.com/hotel/it/missori-apartment-milazzo.html,null,null,null,Vico 1 Luigi Tukery Milazzo SIC ME Parco Italia 98057 it 25 San Giovanni ,15.235161781311035,38.220703125,3
N3114825939,scarabeo milazzo,https://www.booking.com/hotel/it/scarabeo-milazzo.html,null,null,null,Via Massimiliano Regis Milazzo SIC ME Parco Italia 98057 it 90 San Giovanni ,15.236987113952637,38.219425201416016,2
N2370166984,hotel san michele,https://www.booking.com/hotel/it/san-michele-milazzo.html,4,null,null,Via Colonnello Francesco Magistri Milazzo SIC ME Parco Italia 98057 it 69 San Paolino ,15.239237785339355,38.215736389160156,2
N4526238959,meridiana b&b,https://www.booking.com/hotel/it/meridiana-b-amp-b.html,null,null,null,Via Colonnello Francesco Magistri Milazzo SIC ME Parco Italia 98057 it 42 San Paolino ,15.239346504211426,38.215301513671875,2
N2794781114,hotel la bussola,https://www.booking.com/hotel/it/la-bussola-milazzo.html,4,null,null,Via Nino Bixio Milazzo SIC ME Parco Italia 98057 it 11 San Paolino ,15.242696762084961,38.21501541137695,2
N5225858692,Scacciapensieri,https://www.booking.com/hotel/it/scacciapensieri-milazzo.html,null,null,null,Via Tenente Tito Minninti Milazzo SIC ME Parco Italia 98057 it 50 San Giovanni ,15.238912582397461,38.216468811035156,2
N2912639272,b&b orchidea,https://www.booking.com/hotel/it/b-amp-b-orchidea-milazzo.html,null,null,null,Via Nino Bixio Milazzo SIC ME Parco Italia 98057 it 32 San Paolino ,15.243700981140137,38.21412658691406,2
N3672962297,Driade b&b,https://www.booking.com/hotel/it/driade-b-amp-b.html,null,null,null,Via Tenente Tito Minninti Milazzo SIC ME Parco Italia 98057 it 62 San Giovanni ,15.238511085510254,38.216346740722656,2
N2733972100,Petit Hotel,https://www.booking.com/hotel/it/petit.html,3,null,null,Via dei Mille Milazzo SIC ME Parco Italia 98057 it 38 San Paolino ,15.24064826965332,38.21704864501953,2
N2835836660,solaris b&b,https://www.booking.com/hotel/it/solaris-milazzo.html,null,null,null,Via Colonnello Francesco Bertè Milazzo SIC ME Parco Italia 98057 it 90 San Paolino ,15.239021301269531,38.216896057128906,2
N4526238958,Al vecchio mulino,https://www.booking.com/hotel/it/al-vecchio-mulino-milazzo.html,null,null,null,Via Giorgio Rizzo Milazzo SIC ME Parco Italia 98057 it 126 San Paolino ,15.240290641784668,38.21599578857422,2
N2740045293,locanda del bagatto,https://www.booking.com/hotel/it/locanda-del-bagatto.html,null,null,null,Via Massimiliano Regis Milazzo SIC ME Parco Italia 98057 it 9 San Giovanni ,15.240099906921387,38.219295501708984,2
N2724907354,hotel california,https://www.booking.com/hotel/it/california-milazzo.html,1,null,null,Via del Sole Milazzo SIC ME Parco Italia 98057 it 11 San Giovanni ,15.239768028259277,38.219703674316406,2
N4456105017,levante 28-zona porto,https://www.booking.com/hotel/it/levante-28-zona-porto.html,null,null,null,Piazza Giuseppe Mazzini Milazzo SIC ME Parco Italia 98057 it 6 San Giovanni ,15.24072551727295,38.2194709777832,3
N4819399771,b&b liberty palace,https://www.booking.com/hotel/it/b-amp-b-liberty-palace.html,null,null,null,Piazza Giuseppe Mazzini Milazzo SIC ME Parco Italia 98057 it 4 San Giovanni ,15.240778923034668,38.21954345703125,2
N2612637120,cassisi hotel,https://www.booking.com/hotel/it/cassisi.html,4,null,null,Via Giovanni Cassisi Milazzo SIC ME Parco Italia 98057 it 9 San Giovanni ,15.241518020629883,38.22019958496094,2
N2739817767,b&b phenicusa,https://www.booking.com/hotel/it/phenicusa-milazzo.html,null,null,null,Via Gioacchino Chinigò Milazzo SIC ME Parco Italia 98057 it 3 San Giovanni ,15.240906715393066,38.22035598754883,2
N3713823328,b&b le tre stelle,https://www.booking.com/hotel/it/b-amp-b-le-tre-stelle.html,null,null,null,Via del Marinaio d'Italia Milazzo SIC ME Parco Italia 98057 it 2 San Giovanni ,15.235280990600586,38.223793029785156,2
N3668417019,il vicolo b&b,https://www.booking.com/hotel/it/il-vicolo-beb.html,null,null,null,Via del Marinaio d'Italia Vico 1 Milazzo SIC ME Parco Italia 98057 it 13 San Giovanni ,15.236942291259766,38.22587585449219,2
N2852902026,albergo pensione cosenz,https://www.booking.com/hotel/it/albergo-pensione-cosenz.html,null,null,null,Via Enrico Cosenz Milazzo SIC ME Parco Italia 98057 it 5 San Giovanni ,15.240215301513672,38.22280502319336,2
N2739786034,b&b re umberto,https://www.booking.com/hotel/it/b-milazzo.html,null,null,null,Via Umberto I Milazzo SIC ME Parco Italia 98057 it 95 San Giovanni ,15.240616798400879,38.22243881225586,2
N2835836655,b&b l'alberghetto,https://www.booking.com/hotel/it/alberghetto.html,null,null,null,Via Umberto I Milazzo SIC ME Parco Italia 98057 it 208 San Giovanni ,15.240715026855469,38.22391891479492,2
N5029883898,casa vacanze sole & luna,https://www.booking.com/hotel/it/casa-vacanze-milazzo-sole-amp-luna.html,null,null,null,Via Umberto I Milazzo SIC ME Parco Italia 98057 it 86 San Giovanni ,15.24085521697998,38.22174835205078,3
N2801228606,Le Soleil,https://www.booking.com/hotel/it/le-soleil-milazzo.html,null,null,null,Via Antonino Cumbo Borgia Milazzo SIC ME Parco Italia 98057 it 8 San Giovanni ,15.241863250732422,38.221553802490234,2
N2703924086,hotel medici,https://www.booking.com/hotel/it/medici-milazzo.html,3,null,null,Milazzo SIC ME Parco Italia 98057 Via Giacomo Medici it 81 San Giovanni ,15.24268913269043,38.222530364990234,2
N2852902008,b&b al duomo milazzo,https://www.booking.com/hotel/it/b-amp-b-al-duomo-milazzo.html,null,null,null,Via Matteo Nardi Milazzo SIC ME Parco Italia 98057 it 50 San Giovanni ,15.241445541381836,38.22337341308594,2
N4741732045,Marina Inn,https://www.booking.com/hotel/it/marina-inn-milazzo3.html,null,null,null,Milazzo SIC ME Parco Italia 98057 Via Riccardo D'Amico it 1 San Giovanni ,15.242632865905762,38.22366714477539,2
N2792564691,L'Antico Borgo,https://www.booking.com/hotel/it/l-39-antico-borgo.html,null,null,null,Milazzo SIC ME Parco Italia Salita Castello 98057 it 12 Stretto Tono ,15.242956161499023,38.23009490966797,2
N2758286492,bed& breakfast maredomus,https://www.booking.com/hotel/it/bed-breakfast-maredomus.html,null,null,null,Lungomare Giuseppe Garibaldi Milazzo SIC ME Parco Italia 98057 it 183 Stretto Tono ,15.24361515045166,38.22718811035156,2
N6859596085,b&b caravello,https://www.booking.com/hotel/it/b-amp-b-caravello.html,null,null,null,Via dei Giardini Milazzo SIC ME Parco Italia 98057 it 52 Parco Nuovo ,15.253835678100586,38.204833984375,2
N2792564689,la casa del tono,https://www.booking.com/hotel/it/la-casa-del-tono.html,null,null,null,Via Nettuno Milazzo SIC ME Parco Italia 98057 it 22 Tono ,15.240967750549316,38.23440170288086,2
N3087209910,casadelmela b&b,https://www.booking.com/hotel/it/casadelmela-b-amp-b.html,null,null,null,Via Nazionale Archi SIC ME Italia San Filippo del Mela 98044 it Crocecaruso ,15.275047302246094,38.189308166503906,2
N3087209909,Agriturismo Fontanelle,https://www.booking.com/hotel/it/azienda-agricola-biologica-barone-ryolo-dal1824-agriturismo-fontanelle.html,null,null,null,Via Nazionale Archi SIC ME Italia San Filippo del Mela 98044 it Crocecaruso ,15.276948928833008,38.19318771362305,2
N1515665616,La casa del Tono,https://www.booking.com/hotel/it/la-casa-del-tono.html,null,null,null,Via Tono Milazzo SIC ME Parco Italia 98057 it 64 Stretto Tono ,15.240215301513672,38.23497772216797,2
N2726653652,Residence Porticella,https://www.booking.com/hotel/it/residence-porticella.html,null,null,null,Via Giuseppe Cambria Milazzo SIC ME Parco Italia 98057 it 12 Stretto Tono ,15.245099067687988,38.232425689697266,3
N2612637124,b&b villa rodriguez,https://www.booking.com/hotel/it/b-amp-b-villa-rodriguez.html,null,null,null,Via Nettuno Milazzo SIC ME Parco Italia 98057 it 158 Tono ,15.242897033691406,38.24125671386719,2
N2536837868,hotel riviera lido,https://www.booking.com/hotel/it/riviera-lido.html,3,null,null,Via Aldo Moro Milazzo SIC ME Parco Italia 98057 it 18 Bevaceto ,15.249398231506348,38.23604202270508,2
N6459237093,valle degli agrumi,https://www.booking.com/hotel/it/valle-degli-agrumi.html,null,null,null,SIC ME Italia Monforte San Giorgio 98045 it ,15.364239692687988,38.165775299072266,2
N3356280346,nacional hotel,https://www.booking.com/hotel/it/nacional.html,3,null,null,Via Nazionale SIC ME Italia Torregrotta 98040 it Scala ,15.339481353759766,38.207008361816406,2
N3195702120,hotel ristorante thomas,https://www.booking.com/hotel/it/ristorante-thomas.html,2,null,null,Via Professor Sfameni SIC ME Italia Torregrotta 98040 it Scala ,15.344023704528809,38.21450424194336,2
N3077406747,Villa Quiete,https://www.booking.com/hotel/it/villa-quiete-spadafora.html,null,null,null,Via Serro Puntale SIC ME Italia Spadafora 98043 it ,15.393697738647461,38.2038459777832,2
N6897076272,Viola Palace Hotel,https://www.booking.com/hotel/it/viola-palace.html,4,null,null,Via Antonello da Messina Viola Palace Hotel SIC ME Italia Villafranca Tirrena 98049 it 90 Divieto ,15.449005126953125,38.24391174316406,2
N1346344249,agriturismo casa gialla,https://www.booking.com/hotel/it/agriturismo-casa-gialla.html,null,null,null,Lipari SIC ME Italia it ,14.926946640014648,38.47879409790039,2
N3993602368,hotel orsa maggiore,https://www.booking.com/hotel/it/orsa-maggiore.html,3,null,null,Via Porto di Ponente Lipari Orsa Maggiore SIC ME Italia 98050 it 4 ,14.949413299560547,38.41400146484375,2
N6565576772,Casa Arcada,https://www.booking.com/hotel/it/casa-arcada.html,null,null,null,Via sotto il Cratere Lipari SIC ME Italia it ,14.957448959350586,38.41124725341797,2
N6565557883,Casa Volcanalia,https://www.booking.com/hotel/it/casa-volcanalia.html,null,null,null,Via sotto il Cratere Lipari SIC ME Italia it ,14.957728385925293,38.411312103271484,2
W369274155,Hotel Garden,https://www.booking.com/hotel/it/garden-vulcano.html,4,null,null,Lipari SIC ME Italia 98050 it ,14.954508781433105,38.41611862182617,2
W77616146,hotel eros,https://www.booking.com/hotel/it/eros.html,4,null,null,Strada Provinciale 179 Lipari SIC ME Italia it ,14.958531379699707,38.41822814941406,2
N6565655788,il caimano bed & breakfast,https://www.booking.com/hotel/it/il-caimano-bed-amp-breakfast.html,null,null,null,Strada Provinciale 179 Lipari SIC ME Italia it ,14.95806884765625,38.417510986328125,2
N6565746506,Hotel Faraglione,https://www.booking.com/hotel/it/faraglione.html,2,null,null,Via Porto di Levante Lipari SIC ME Italia it ,14.960030555725098,38.41462707519531,2
N6004736986,L'Orchidea delle Eolie,https://www.booking.com/hotel/it/l-39-orchidea-delle-eolie-provincia-di-messina.html,null,null,null,Via Riccardo Conti Lipari L'Orchidea delle Eolie SIC ME Italia it 7 ,14.958186149597168,38.4163932800293,3
N3681361309,Vulcano Blu Residence,https://www.booking.com/hotel/it/vulcano-blu.html,null,null,null,Via dei Villini Lipari SIC ME Italia it ,14.964665412902832,38.42234420776367,2
N3681361308,therasia resort sea and spa,https://www.booking.com/hotel/it/therasia-resort.html,5,null,null,Lipari SIC ME Italia it ,14.957175254821777,38.43080520629883,2
W158590445,hotel aktea,https://www.booking.com/hotel/it/aktea.html,4,null,null,Via Giovanni Falcone e Paolo Borsellino Lipari SIC ME Italia it ,14.952184677124023,38.47288513183594,2
